classification,Average Position Size (USD)
Extreme Fear,5349.7318429906545
Extreme Greed,3112.2515645629123
Fear,7816.109930785776
Greed,5736.884375086974
Neutral,4782.732661465797
