classification,Drawdown Proxy
Extreme Fear,636321.581552
Extreme Greed,270899.932214
Fear,593593.83696
Greed,1058685.919057
Neutral,389285.660277
