Direction,Percentage
Open Long,28.621498677772234
Close Long,27.92338536199212
Open Short,22.796812886127793
Close Short,20.658303074107856
